{"cameraMode":{"drawMode":0,"name":"Shaded","section":"Shading Mode"},"sceneLighting":true,"audioPlay":false,"sceneViewState":{"showFog":true,"showMaterialUpdate":false,"showSkybox":true,"showFlares":true,"showImageEffects":true,"showParticleSystems":true},"in2DMode":false,"pivot":{"x":373.497802734375,"y":285.7005615234375,"z":291.1396484375},"rotation":{"x":-0.015304979868233204,"y":0.023092694580554963,"z":-0.00035346593358553946,"w":-0.9996160268783569},"size":305.21246337890627,"orthographic":false}