{"cameraMode":{"drawMode":0,"name":"Shaded","section":"Shading Mode"},"sceneLighting":true,"audioPlay":false,"sceneViewState":{"showFog":true,"showMaterialUpdate":false,"showSkybox":true,"showFlares":true,"showImageEffects":true,"showParticleSystems":true},"in2DMode":false,"pivot":{"x":1079.97216796875,"y":263.9913330078125,"z":0.0},"rotation":{"x":-0.018252214416861535,"y":0.0785030946135521,"z":-0.0014377895276993514,"w":-0.9967455267906189},"size":93.75137329101563,"orthographic":false}