{"cameraMode":{"drawMode":0,"name":"Shaded","section":"Shading Mode"},"sceneLighting":false,"audioPlay":false,"sceneViewState":{"showFog":true,"showMaterialUpdate":false,"showSkybox":false,"showFlares":true,"showImageEffects":true,"showParticleSystems":true},"in2DMode":false,"pivot":{"x":297.7751159667969,"y":3.759716033935547,"z":-67.15113830566406},"rotation":{"x":0.019186075776815416,"y":-0.017398932948708535,"z":-0.00033493692171759903,"w":-0.9996668100357056},"size":320.6958923339844,"orthographic":false}